<object><object name="organization"><string name="name">Securin</string><string name="type">Inc</string><number name="building_number">4</number><number name="floating">-17.4</number><null name="null_test"/></object><boolean name="security_related">true</boolean><array><string>red</string><string>green</string><string>blue</string><string>black</string></array><array><number>1</number><string>red</string><array><object><boolean name="nested">true</boolean></object></array><object><boolean name="obj">false</boolean></object></array></object>